Python,1,2,CIN1
Web Statique,1,3,
Php,1,2,CIN1
Commpta,1,2,
Gestion,1,3,C123
Entropronarait,1,2,
Python,1,2,CIN1
Web Statique,1,3,
Php,1,2,CIN1
Python,1,2,CIN1
Web Statique,1,3,
Php,1,2,CIN1
Commpta,1,2,
Gestion,1,3,C123
Entropronarait,1,2,
Python,1,2,CIN1
Web Statique,1,3,
Php,1,2,CIN1
Py,1,3,P1
Php,1,3,
Js,1,3,
Py,1,3,P1
Php,1,3,
Js,1,3,
Python,1,2,CIN1
Web Statique,1,3,
Php,1,2,CIN1
Commpta,1,2,
Gestion,1,3,C123
Entropronarait,1,2,
Python,1,2,CIN1
Web Statique,1,3,
Php,1,2,CIN1
Python,1,2,CIN1
Web Statique,1,3,
Php,1,2,CIN1
Commpta,1,2,
Gestion,1,3,C123
Entropronarait,1,2,
Python,1,2,CIN1
Web Statique,1,3,
Php,1,2,CIN1
Py,1,3,P1
Php,1,3,
Js,1,3,
